{
	"credit": "Made with Blockbench",
	"textures": {
		"0": "minecraft:item/paper/npcs/guide/guidehead",
		"1": "minecraft:item/paper/npcs/guide/guageanimation",
		"2": "minecraft:item/paper/npcs/guide/guidefaceanimation",
		"3": "minecraft:item/paper/npcs/guide/gearanimation",
		"4": "minecraft:item/paper/npcs/guide/smokeanimation",
		"5": "minecraft:item/paper/npcs/guide/guideeyebrows",
		"particle": "minecraft:item/paper/npcs/guide/guidehead"
	},
	"elements": [
		{
			"from": [4, 0, 4],
			"to": [12, 7, 12],
			"rotation": {"angle": 0, "axis": "y", "origin": [4, 0, 4]},
			"faces": {
				"north": {"uv": [2, 6.75, 4, 8.5], "texture": "#0"},
				"east": {"uv": [7, 0, 9, 1.75], "texture": "#0"},
				"south": {"uv": [7, 1.75, 9, 3.5], "texture": "#0"},
				"west": {"uv": [7, 3.5, 9, 5.25], "texture": "#0"},
				"up": {"uv": [7, 4.25, 5, 2.25], "texture": "#0"},
				"down": {"uv": [7, 4.25, 5, 6.25], "texture": "#0"}
			}
		},
		{
			"from": [4, 0, 4],
			"to": [12, 7, 5],
			"rotation": {"angle": 0, "axis": "y", "origin": [4, 0, 5]},
			"faces": {
				"north": {"uv": [0, 0, 8, 7], "texture": "#2"},
				"east": {"uv": [0, 0, 0, 7], "texture": "#2"},
				"south": {"uv": [0, 7, 8, 14], "texture": "#2"},
				"west": {"uv": [0, 0, 0, 7], "texture": "#2"},
				"up": {"uv": [8, 0, 0, 0], "texture": "#2"},
				"down": {"uv": [8, 0, 0, 0], "texture": "#2"}
			}
		},
		{
			"from": [6, 0, 2],
			"to": [10, 4, 4],
			"rotation": {"angle": 0, "axis": "y", "origin": [6, 0, 2]},
			"faces": {
				"north": {"uv": [4, 6.75, 5, 7.75], "texture": "#0"},
				"east": {"uv": [1.75, 9, 2.25, 10], "texture": "#0"},
				"south": {"uv": [5.25, 8.75, 6.25, 9.75], "texture": "#0"},
				"west": {"uv": [9, 2, 9.5, 3], "texture": "#0"},
				"up": {"uv": [5, 8.25, 4, 7.75], "texture": "#0"},
				"down": {"uv": [1, 8, 0, 8.5], "texture": "#0"}
			}
		},
		{
			"from": [10, -3, 3],
			"to": [14, 1, 5],
			"rotation": {"angle": 22.5, "axis": "z", "origin": [12, -1, 4]},
			"faces": {
				"north": {"uv": [6.25, 8.75, 7.25, 9.75], "texture": "#0"},
				"east": {"uv": [2.25, 9, 2.75, 10], "texture": "#0"},
				"south": {"uv": [7.25, 8.75, 8.25, 9.75], "texture": "#0"},
				"west": {"uv": [9, 3, 9.5, 4], "texture": "#0"},
				"up": {"uv": [2, 8.5, 1, 8], "texture": "#0"},
				"down": {"uv": [10, 4, 9, 4.5], "texture": "#0"}
			}
		},
		{
			"from": [2, -3, 3],
			"to": [6, 1, 5],
			"rotation": {"angle": -22.5, "axis": "z", "origin": [4, -1, 4]},
			"faces": {
				"north": {"uv": [8.25, 8.75, 9.25, 9.75], "texture": "#0"},
				"east": {"uv": [9.25, 6.25, 9.75, 7.25], "texture": "#0"},
				"south": {"uv": [0, 9, 1, 10], "texture": "#0"},
				"west": {"uv": [9.25, 8.75, 9.75, 9.75], "texture": "#0"},
				"up": {"uv": [10, 5, 9, 4.5], "texture": "#0"},
				"down": {"uv": [10.25, 7.25, 9.25, 7.75], "texture": "#0"}
			}
		},
		{
			"from": [5, -5, 2],
			"to": [11, 2, 5],
			"rotation": {"angle": 22.5, "axis": "x", "origin": [8, -2, 3.5]},
			"faces": {
				"north": {"uv": [7, 5.25, 8.5, 7], "texture": "#0"},
				"east": {"uv": [3, 8.5, 3.75, 10.25], "texture": "#0"},
				"south": {"uv": [7, 7, 8.5, 8.75], "texture": "#0"},
				"west": {"uv": [8.5, 6.25, 9.25, 8], "texture": "#0"},
				"up": {"uv": [10, 8.75, 8.5, 8], "texture": "#0"},
				"down": {"uv": [5.25, 8.75, 3.75, 9.5], "texture": "#0"}
			}
		},
		{
			"from": [2, 5, 3],
			"to": [14, 7, 15],
			"rotation": {"angle": 22.5, "axis": "x", "origin": [8, 8.5, 9]},
			"faces": {
				"north": {"uv": [4, 8.25, 7, 8.75], "texture": "#0"},
				"east": {"uv": [0, 8.5, 3, 9], "texture": "#0"},
				"south": {"uv": [8.5, 5.25, 11.5, 5.75], "texture": "#0"},
				"west": {"uv": [8.5, 5.75, 11.5, 6.25], "texture": "#0"},
				"up": {"uv": [3, 3, 0, 0], "texture": "#0"},
				"down": {"uv": [3, 3, 0, 6], "texture": "#0"}
			}
		},
		{
			"from": [3.9, 7, 4.8],
			"to": [12.1, 16, 13],
			"rotation": {"angle": 22.5, "axis": "x", "origin": [8, 8.5, 9]},
			"faces": {
				"north": {"uv": [3, 0, 5, 2.25], "texture": "#0"},
				"east": {"uv": [3, 2.25, 5, 4.5], "texture": "#0"},
				"south": {"uv": [3, 4.5, 5, 6.75], "texture": "#0"},
				"west": {"uv": [5, 0, 7, 2.25], "texture": "#0"},
				"up": {"uv": [2, 8, 0, 6], "texture": "#0"},
				"down": {"uv": [7, 6.25, 5, 8.25], "texture": "#0"}
			}
		},
		{
			"from": [8.1, 10, 10.8],
			"to": [15.1, 17, 10.8],
			"rotation": {"angle": 22.5, "axis": "x", "origin": [12.2, 11.5, 15]},
			"faces": {
				"north": {"uv": [0, 0, 7, 7], "texture": "#3"},
				"east": {"uv": [0, 0, 0, 7], "texture": "#3"},
				"south": {"uv": [0, 7, 7, 14], "texture": "#3"},
				"west": {"uv": [0, 0, 0, 7], "texture": "#3"},
				"up": {"uv": [7, 0, 0, 0], "texture": "#3"},
				"down": {"uv": [7, 0, 0, 0], "texture": "#3"}
			}
		},
		{
			"from": [4.1, 7.36537, 2.95224],
			"to": [8.1, 12.36537, 5.95224],
			"rotation": {"angle": 22.5, "axis": "y", "origin": [8.2, 8.86537, 7.15224]},
			"faces": {
				"north": {"uv": [0, 0, 4, 5], "texture": "#1"},
				"east": {"uv": [0, 5, 3, 10], "texture": "#1"},
				"south": {"uv": [4, 0, 8, 5], "texture": "#1"},
				"west": {"uv": [3, 5, 6, 10], "texture": "#1"},
				"up": {"uv": [10, 8, 6, 5], "texture": "#1"},
				"down": {"uv": [12, 0, 8, 3], "texture": "#1"}
			}
		},
		{
			"from": [3.3, 9.36537, 5.95224],
			"to": [4.3, 10.36537, 10.95224],
			"rotation": {"angle": 0, "axis": "y", "origin": [7.4, 10.86537, 10.15224]},
			"faces": {
				"north": {"uv": [3.75, 8.5, 4, 8.75], "texture": "#0"},
				"east": {"uv": [9, 5, 10.25, 5.25], "texture": "#0"},
				"south": {"uv": [9.5, 3.75, 9.75, 4], "texture": "#0"},
				"west": {"uv": [9.25, 7.75, 10.5, 8], "texture": "#0"},
				"up": {"uv": [3, 10.25, 2.75, 9], "texture": "#0"},
				"down": {"uv": [9.75, 2, 9.5, 3.25], "texture": "#0"}
			}
		},
		{
			"from": [12, 5.7, 7.8],
			"to": [13, 8.7, 10.8],
			"rotation": {"angle": 22.5, "axis": "x", "origin": [16, 7.2, 12]},
			"faces": {
				"north": {"uv": [2.75, 6, 3, 6.75], "texture": "#0"},
				"east": {"uv": [2, 6, 2.75, 6.75], "texture": "#0"},
				"south": {"uv": [9.75, 2, 10, 2.75], "texture": "#0"},
				"west": {"uv": [9, 1.25, 9.75, 2], "texture": "#0"},
				"up": {"uv": [5.5, 10.5, 5.25, 9.75], "texture": "#0"},
				"down": {"uv": [5.75, 9.75, 5.5, 10.5], "texture": "#0"}
			}
		},
		{
			"from": [3, 5.7, 7.8],
			"to": [4, 10.7, 10.8],
			"rotation": {"angle": 22.5, "axis": "x", "origin": [7, 7.2, 12]},
			"faces": {
				"north": {"uv": [3.75, 9.5, 4, 10.75], "texture": "#0"},
				"east": {"uv": [9, 0, 9.75, 1.25], "texture": "#0"},
				"south": {"uv": [4, 9.5, 4.25, 10.75], "texture": "#0"},
				"west": {"uv": [1, 9, 1.75, 10.25], "texture": "#0"},
				"up": {"uv": [6, 10.5, 5.75, 9.75], "texture": "#0"},
				"down": {"uv": [6.25, 9.75, 6, 10.5], "texture": "#0"}
			}
		},
		{
			"from": [2, 8.08896, 9.87193],
			"to": [3, 10.08896, 11.87193],
			"rotation": {"angle": 22.5, "axis": "x", "origin": [6, 9.58896, 14.07193]},
			"faces": {
				"north": {"uv": [9.75, 2.75, 10, 3.25], "texture": "#0"},
				"east": {"uv": [9.5, 3.25, 10, 3.75], "texture": "#0"},
				"south": {"uv": [6.25, 9.75, 6.5, 10.25], "texture": "#0"},
				"west": {"uv": [4.25, 9.5, 4.75, 10], "texture": "#0"},
				"up": {"uv": [10, 6.75, 9.75, 6.25], "texture": "#0"},
				"down": {"uv": [6.75, 9.75, 6.5, 10.25], "texture": "#0"}
			}
		},
		{
			"from": [2, 9.55403, 11.56118],
			"to": [3, 13.55403, 12.56118],
			"rotation": {"angle": 22.5, "axis": "x", "origin": [6, 11.05403, 15.76118]},
			"faces": {
				"north": {"uv": [4.75, 9.5, 5, 10.5], "texture": "#0"},
				"east": {"uv": [5, 9.5, 5.25, 10.5], "texture": "#0"},
				"south": {"uv": [9.75, 0, 10, 1], "texture": "#0"},
				"west": {"uv": [9.75, 1, 10, 2], "texture": "#0"},
				"up": {"uv": [10, 4, 9.75, 3.75], "texture": "#0"},
				"down": {"uv": [7, 9.75, 6.75, 10], "texture": "#0"}
			}
		},
		{
			"from": [2.5, 12.24955, 12.09191],
			"to": [2.5, 19.24955, 18.09191],
			"rotation": {"angle": 22.5, "axis": "x", "origin": [6.5, 13.74955, 16.29191]},
			"faces": {
				"north": {"uv": [0, 0, 0, 7], "texture": "#4"},
				"east": {"uv": [0, 0, 6, 7], "texture": "#4"},
				"south": {"uv": [0, 0, 0, 7], "texture": "#4"},
				"west": {"uv": [6, 0, 12, 7], "texture": "#4"},
				"up": {"uv": [0, 6, 0, 0], "texture": "#4"},
				"down": {"uv": [0, 0, 0, 6], "texture": "#4"}
			}
		},
		{
			"from": [9, 5, 3],
			"to": [13, 7, 5],
			"rotation": {"angle": 22.5, "axis": "x", "origin": [8, 6, 4]},
			"faces": {
				"north": {"uv": [0, 0, 4, 2], "texture": "#5"},
				"east": {"uv": [8, 4, 10, 6], "texture": "#5"},
				"south": {"uv": [0, 2, 4, 4], "texture": "#5"},
				"west": {"uv": [6, 8, 8, 10], "texture": "#5"},
				"up": {"uv": [4, 6, 0, 4], "texture": "#5"},
				"down": {"uv": [8, 0, 4, 2], "texture": "#5"}
			}
		},
		{
			"from": [13, 5, 4],
			"to": [16, 7, 4],
			"rotation": {"angle": 0, "axis": "x", "origin": [12, 6, 5]},
			"faces": {
				"north": {"uv": [0, 8, 3, 10], "texture": "#5"},
				"east": {"uv": [0, 0, 0, 2], "texture": "#5"},
				"south": {"uv": [8, 0, 11, 2], "texture": "#5"},
				"west": {"uv": [0, 0, 0, 2], "texture": "#5"},
				"up": {"uv": [3, 0, 0, 0], "texture": "#5"},
				"down": {"uv": [3, 0, 0, 0], "texture": "#5"}
			}
		},
		{
			"from": [0, 5, 4],
			"to": [3, 7, 4],
			"rotation": {"angle": 0, "axis": "x", "origin": [-1, 6, 5]},
			"faces": {
				"north": {"uv": [8, 2, 11, 4], "texture": "#5"},
				"east": {"uv": [0, 0, 0, 2], "texture": "#5"},
				"south": {"uv": [3, 8, 6, 10], "texture": "#5"},
				"west": {"uv": [0, 0, 0, 2], "texture": "#5"},
				"up": {"uv": [3, 0, 0, 0], "texture": "#5"},
				"down": {"uv": [3, 0, 0, 0], "texture": "#5"}
			}
		},
		{
			"from": [3, 5, 3],
			"to": [7, 7, 5],
			"rotation": {"angle": 22.5, "axis": "x", "origin": [8, 6, 4]},
			"faces": {
				"north": {"uv": [4, 2, 8, 4], "texture": "#5"},
				"east": {"uv": [8, 6, 10, 8], "texture": "#5"},
				"south": {"uv": [4, 4, 8, 6], "texture": "#5"},
				"west": {"uv": [8, 8, 10, 10], "texture": "#5"},
				"up": {"uv": [4, 8, 0, 6], "texture": "#5"},
				"down": {"uv": [8, 6, 4, 8], "texture": "#5"}
			}
		}
	],
	"display": {}
}