{
	"credit": "Made with Blockbench",
	"textures": {
		"0": "item/paper/npcs/guidenpc/blueprints",
		"particle": "item/paper/npcs/guidenpc/blueprints"
	},
	"elements": [
		{
			"from": [2, 0, 0],
			"to": [14, 2, 2],
			"rotation": {"angle": 0, "axis": "y", "origin": [2, 0, 0]},
			"faces": {
				"north": {"uv": [0, 0, 2, 12], "rotation": 270, "texture": "#0"},
				"east": {"uv": [1, 13, 3, 15], "texture": "#0"},
				"south": {"uv": [1, 0, 3, 12], "rotation": 90, "texture": "#0"},
				"west": {"uv": [0, 13, 2, 15], "texture": "#0"},
				"up": {"uv": [0, 0, 2, 12], "rotation": 90, "texture": "#0"},
				"down": {"uv": [0, 0, 2, 12], "rotation": 90, "texture": "#0"}
			}
		},
		{
			"from": [2, 0, 14],
			"to": [14, 2, 16],
			"rotation": {"angle": 0, "axis": "y", "origin": [2, 0, 16]},
			"faces": {
				"north": {"uv": [1, 12, 3, 0], "rotation": 90, "texture": "#0"},
				"east": {"uv": [3, 13, 1, 15], "texture": "#0"},
				"south": {"uv": [0, 12, 2, 0], "rotation": 270, "texture": "#0"},
				"west": {"uv": [2, 13, 0, 15], "texture": "#0"},
				"up": {"uv": [2, 0, 0, 12], "rotation": 90, "texture": "#0"},
				"down": {"uv": [2, 0, 0, 12], "rotation": 90, "texture": "#0"}
			}
		},
		{
			"from": [-0.76537, 0, -9.84776],
			"to": [11.23463, 3, -6.84776],
			"rotation": {"angle": -45, "axis": "y", "origin": [5.23463, 1.5, -8.34776]},
			"faces": {
				"north": {"uv": [0, 0, 3, 12], "rotation": 270, "texture": "#0"},
				"east": {"uv": [0, 13, 3, 16], "texture": "#0"},
				"south": {"uv": [0, 0, 3, 12], "rotation": 90, "texture": "#0"},
				"west": {"uv": [0, 13, 3, 16], "texture": "#0"},
				"up": {"uv": [0, 0, 3, 12], "rotation": 90, "texture": "#0"},
				"down": {"uv": [0, 0, 3, 12], "rotation": 90, "texture": "#0"}
			}
		},
		{
			"from": [11.23463, 0, 21.15224],
			"to": [23.23463, 3, 24.15224],
			"rotation": {"angle": -45, "axis": "y", "origin": [17.23463, 1.5, 22.65224]},
			"faces": {
				"north": {"uv": [0, 0, 3, 12], "rotation": 270, "texture": "#0"},
				"east": {"uv": [0, 13, 3, 16], "texture": "#0"},
				"south": {"uv": [0, 0, 3, 12], "rotation": 90, "texture": "#0"},
				"west": {"uv": [0, 13, 3, 16], "texture": "#0"},
				"up": {"uv": [0, 0, 3, 12], "rotation": 90, "texture": "#0"},
				"down": {"uv": [0, 0, 3, 12], "rotation": 90, "texture": "#0"}
			}
		},
		{
			"from": [8.23463, 3, 21.15224],
			"to": [20.23463, 6, 24.15224],
			"rotation": {"angle": 0, "axis": "x", "origin": [14.23463, 4.5, 22.65224]},
			"faces": {
				"north": {"uv": [0, 0, 3, 12], "rotation": 270, "texture": "#0"},
				"east": {"uv": [0, 13, 3, 16], "texture": "#0"},
				"south": {"uv": [0, 0, 3, 12], "rotation": 90, "texture": "#0"},
				"west": {"uv": [0, 13, 3, 16], "texture": "#0"},
				"up": {"uv": [0, 0, 3, 12], "rotation": 90, "texture": "#0"},
				"down": {"uv": [0, 0, 3, 12], "rotation": 90, "texture": "#0"}
			}
		},
		{
			"from": [6.23463, 0, 22.15224],
			"to": [18.23463, 3, 25.15224],
			"rotation": {"angle": -45, "axis": "y", "origin": [12.23463, 1.5, 23.65224]},
			"faces": {
				"north": {"uv": [0, 0, 3, 12], "rotation": 270, "texture": "#0"},
				"east": {"uv": [0, 13, 3, 16], "texture": "#0"},
				"south": {"uv": [0, 0, 3, 12], "rotation": 90, "texture": "#0"},
				"west": {"uv": [0, 13, 3, 16], "texture": "#0"},
				"up": {"uv": [0, 0, 3, 12], "rotation": 90, "texture": "#0"},
				"down": {"uv": [0, 0, 3, 12], "rotation": 90, "texture": "#0"}
			}
		},
		{
			"from": [2, 0, 2],
			"to": [14, 0, 14],
			"rotation": {"angle": 0, "axis": "y", "origin": [2, 0, 2]},
			"faces": {
				"north": {"uv": [0, 0, 12, 0], "texture": "#0"},
				"east": {"uv": [0, 0, 12, 0], "texture": "#0"},
				"south": {"uv": [0, 0, 12, 0], "texture": "#0"},
				"west": {"uv": [0, 0, 12, 0], "texture": "#0"},
				"up": {"uv": [4, 0, 16, 12], "rotation": 90, "texture": "#0"},
				"down": {"uv": [4, 0, 16, 12], "rotation": 90, "texture": "#0"}
			}
		},
		{
			"from": [15.88108, -0.001, 14.93473],
			"to": [27.88108, -0.001, 18.93473],
			"rotation": {"angle": -45, "axis": "y", "origin": [16.88108, 0.999, 15.93473]},
			"faces": {
				"north": {"uv": [0, 0, 12, 0], "texture": "#0"},
				"east": {"uv": [0, 0, 4, 0], "texture": "#0"},
				"south": {"uv": [0, 0, 12, 0], "texture": "#0"},
				"west": {"uv": [0, 0, 4, 0], "texture": "#0"},
				"up": {"uv": [9, 0, 13, 12], "rotation": 90, "texture": "#0"},
				"down": {"uv": [9, 0, 13, 12], "rotation": 270, "texture": "#0"}
			}
		}
	],
	"display": {}
}