{
  "providers": [
    {
      "ascent": 48,
      "chars": [
        "➀"
      ],
      "file": "custom/ui/main_menu.png",
      "height": 256,
      "type": "bitmap"
    },
    {
      "ascent": 48,
      "chars": [
        "祚"
      ],
      "file": "custom/ui/friends_list.png",
      "height": 256,
      "type": "bitmap"
    },
    {
      "ascent": 48,
      "chars": [
        "携"
      ],
      "file": "custom/ui/friends_list_party.png",
      "height": 256,
      "type": "bitmap"
    },
    {
      "ascent": 48,
      "chars": [
        "⑬"
      ],
      "file": "custom/ui/tricks.png",
      "height": 256,
      "type": "bitmap"
    },
    {
      "ascent": 48,
      "chars": [
        "⑭"
      ],
      "file": "custom/ui/costumes.png",
      "height": 256,
      "type": "bitmap"
    },
    {
      "ascent": 48,
      "chars": [
        "⑮"
      ],
      "file": "custom/ui/food.png",
      "height": 256,
      "type": "bitmap"
    },
    {
      "ascent": 48,
      "chars": [
        "⑯"
      ],
      "file": "custom/ui/settings.png",
      "height": 256,
      "type": "bitmap"
    },
    {
      "ascent": 84,
      "chars": [
        "彭"
      ],
      "file": "custom/ui/friendmenu.png",
      "height": 256,
      "type": "bitmap"
    },
    {
      "ascent": 84,
      "chars": [
        "违"
      ],
      "file": "custom/ui/removefriendmenu.png",
      "height": 256,
      "type": "bitmap"
    },
    {
      "ascent": 48,
      "chars": [
        "➀"
      ],
      "file": "custom/ui/main_menu.png",
      "height": 256,
      "type": "bitmap"
    },
    {
      "ascent": 0,
      "chars": [
        "¹"
      ],
      "file": "custom/ui/dialogue/blue_belle.png",
      "height": 64,
      "type": "bitmap"
    },
    {
      "type": "bitmap",
      "file": "custom/ui/cubed_kitty_logo.png",
      "ascent": 35,
      "height": 150,
      "chars": [
        "Ⓢ"
      ]
    },
    {
      "type": "bitmap",
      "file": "custom/ui/cubed_kitty_logo.png",
      "ascent": 0,
      "height": 120,
      "chars": [
        "っ"
      ]
    },
    {
      "chars": [
        "ꌋ"
      ],
      "file": "custom/ui/dialogue/mayor_chubbleston.png",
      "height": 155,
      "ascent": 70,
      "type": "bitmap"
    },
    {
      "chars": [
        "螂"
      ],
      "file": "custom/ui/dialogue/mayor_chubbleston2.png",
      "height": 155,
      "ascent": 70,
      "type": "bitmap"
    },
    {
      "chars": [
        "娶"
      ],
      "file": "custom/ui/dialogue/mayor_chubbleston3.png",
      "height": 155,
      "ascent": 70,
      "type": "bitmap"
    },
    {
      "chars": [
        "诇"
      ],
      "file": "custom/ui/dialogue/mayor_chubbleston4.png",
      "height": 155,
      "ascent": 70,
      "type": "bitmap"
    },
    {
      "type": "bitmap",
      "file": "custom/ui/rank_cathandler.png",
      "ascent": 8,
      "chars": [
        "ⓑ"
      ]
    },
    {
      "type": "bitmap",
      "file": "custom/ui/goldenpaw.png",
      "ascent": -23,
      "height": 14,
      "chars": [
        "Ⓛ"
      ]
    },
    {
      "type": "bitmap",
      "file": "custom/ui/goldenpaws.png",
      "ascent": 8,
      "height": 9,
      "chars": [
        "朗"
      ]
    },
    {
      "type": "bitmap",
      "file": "custom/ui/loadingscreen/loading1.png",
      "height": 100,
      "ascent": 50,
      "chars": [
        "闇"
      ]
    },
    {
      "type": "bitmap",
      "file": "custom/ui/loadingscreen/loading2.png",
      "height": 100,
      "ascent": 50,
      "chars": [
        "丐"
      ]
    },
    {
      "type": "bitmap",
      "file": "custom/ui/loadingscreen/loading3.png",
      "height": 100,
      "ascent": 50,
      "chars": [
        "睐"
      ]
    },
    {
      "type": "bitmap",
      "file": "custom/ui/loadingscreen/loading4.png",
      "height": 100,
      "ascent": 50,
      "chars": [
        "肍"
      ]
    },
    {
      "type": "bitmap",
      "file": "custom/ui/loadingscreen/loading5.png",
      "height": 100,
      "ascent": 50,
      "chars": [
        "鑫"
      ]
    },
    {
      "type": "bitmap",
      "file": "custom/ui/loadingscreen/loading6.png",
      "height": 100,
      "ascent": 50,
      "chars": [
        "鶕"
      ]
    },
    {
      "type": "bitmap",
      "file": "custom/ui/loadingscreen/loading7.png",
      "height": 100,
      "ascent": 50,
      "chars": [
        "钙"
      ]
    },
    {
      "type": "bitmap",
      "file": "custom/ui/loadingscreen/loading8.png",
      "height": 100,
      "ascent": 50,
      "chars": [
        "籁"
      ]
    },
    {
      "type": "bitmap",
      "file": "custom/ui/loadingscreen/loading9.png",
      "height": 100,
      "ascent": 50,
      "chars": [
        "觓"
      ]
    },
    {
      "type": "bitmap",
      "file": "custom/ui/loadingscreen/loading10.png",
      "height": 100,
      "ascent": 50,
      "chars": [
        "忻"
      ]
    },
    {
      "type": "bitmap",
      "file": "custom/ui/loadingscreen/loading11.png",
      "height": 100,
      "ascent": 50,
      "chars": [
        "盦"
      ]
    },
    {
      "type": "bitmap",
      "file": "custom/ui/loadingscreen/loading12.png",
      "height": 100,
      "ascent": 50,
      "chars": [
        "扒"
      ]
    },
    {
      "type": "bitmap",
      "file": "custom/ui/loadingscreen/loading13.png",
      "height": 100,
      "ascent": 50,
      "chars": [
        "濑"
      ]
    },
    {
      "type": "bitmap",
      "file": "custom/ui/loadingscreen/loading14.png",
      "height": 100,
      "ascent": 50,
      "chars": [
        "蝤"
      ]
    },
    {
      "type": "bitmap",
      "file": "custom/ui/loadingscreen/loading15.png",
      "height": 100,
      "ascent": 50,
      "chars": [
        "歆"
      ]
    },
    {
      "type": "bitmap",
      "file": "custom/ui/loadingscreen/loading16.png",
      "height": 100,
      "ascent": 50,
      "chars": [
        "盫"
      ]
    },
    {
      "type": "bitmap",
      "file": "custom/ui/rank_member.png",
      "ascent": 8,
      "chars": [
        "ⓒ"
      ]
    },
    {
      "type": "bitmap",
      "file": "custom/ui/rank_pro.png",
      "ascent": 7,
      "chars": [
        "ⓓ"
      ]
    },
    {
      "ascent": 7,
      "chars": ["뜀뜁뜂뜃", "뜅뜆뜇뜈", "뜊뜋뜌뜍", "뜏뜐뜑뜒", "뜔뜕뜖뜗", "럼럽럾럿"],
      "file": "custom/emojis/emojis.png",
      "height": 8,
      "type": "bitmap"
    },
    {
      "type": "bitmap",
      "file": "custom/ui/rank_community.png",
      "ascent": 8,
      "chars": [
        "ⓔ"
      ]
    },
    {
      "type": "bitmap",
      "file": "custom/ui/rank_creator.png",
      "ascent": 8,
      "chars": [
        "ⓕ"
      ]
    },
    {
      "ascent": 250,
      "chars": [
        ""
      ],
      "file": "custom/ui/black_box.png",
      "height": 1500,
      "type": "bitmap"
    },
    {
      "ascent": 250,
      "chars": [
        "溉"
      ],
      "file": "custom/ui/transblack_box.png",
      "height": 1500,
      "type": "bitmap"
    },
    {
      "type": "bitmap",
      "file": "custom/ui/rank_helper.png",
      "ascent": 8,
      "chars": [
        "ⓖ"
      ]
    },
    {
      "type": "bitmap",
      "file": "custom/ui/pm.png",
      "ascent": 7,
      "chars": [
        "✉"
      ]
    },
    {
      "type": "bitmap",
      "file": "custom/ui/games_tag.png",
      "ascent": 7,
      "chars": [
        "Ⓜ"
      ]
    },
    {
      "ascent": 7,
      "chars": [
        ""
      ],
      "file": "custom/ui/numbers.png",
      "height": 45,
      "type": "bitmap"
    },
    {
      "type": "bitmap",
      "file": "custom/ui/semicolon.png",
      "height": 15,
      "ascent": 9,
      "chars": [
        "㊎"
      ]
    },
    {
      "ascent": 17,
      "chars": [
        "㊑㊐㊒㊓㊔㊕㊊㊋㊌㊟㊞㊗㊖"
      ],
      "file": "custom/ui/clocks/clocks.png",
      "height": 120,
      "type": "bitmap"
    },
    {
      "type": "bitmap",
      "file": "custom/ui/check.png",
      "ascent": 7,
      "chars": [
        "Ⓘ"
      ]
    },
    {
      "type": "bitmap",
      "file": "custom/ui/rank_developer.png",
      "ascent": 8,
      "chars": [
        "Ⓖ"
      ]
    },
    {
      "type": "bitmap",
      "file": "custom/ui/cross.png",
      "ascent": 7,
      "chars": [
        "Ⓗ"
      ]
    },
    {
      "type": "bitmap",
      "file": "custom/ui/speech_bubble.png",
      "ascent": 7,
      "chars": [
        "Ⓑ"
      ]
    },
    {
      "type": "bitmap",
      "file": "custom/ui/left_click.png",
      "ascent": 7,
      "chars": [
        "⇦"
      ]
    },
    {
      "type": "bitmap",
      "file": "custom/ui/right_click.png",
      "ascent": 7,
      "chars": [
        "⇨"
      ]
    },
    {
      "type": "bitmap",
      "file": "custom/ui/middle_click.png",
      "ascent": 7,
      "chars": [
        "秊"
      ]
    },
    {
      "type": "bitmap",
      "file": "custom/ui/offline.png",
      "ascent": 7,
	  "height": 8,
      "chars": [
        "锕"
      ]
    },
    {
      "type": "bitmap",
      "file": "custom/ui/afk.png",
      "ascent": 7,
	  "height": 8,
      "chars": [
        "副"
      ]
    },
    {
      "type": "bitmap",
      "file": "custom/ui/online.png",
      "ascent": 7,
	  "height": 8,
      "chars": [
        "稇"
      ]
    },
    {
      "type": "bitmap",
      "file": "custom/ui/locked.png",
      "ascent": 9,
	  "height": 10,
      "chars": [
        "穹"
      ]
    },
    {
      "type": "bitmap",
      "file": "custom/ui/unlocked.png",
      "ascent": 9,
	  "height": 10,
      "chars": [
        "龤"
      ]
    },
    {
      "type": "bitmap",
      "file": "custom/ui/particle_food.png",
      "ascent": 7,
      "chars": [
        "ꐠ"
      ]
    },
    {
      "type": "bitmap",
      "file": "custom/ui/particle_cheese.png",
      "ascent": 7,
      "chars": [
        "⍩"
      ]
    },
    {
      "type": "bitmap",
      "file": "custom/ui/particle_heart.png",
      "ascent": 7,
      "chars": [
        "⍢"
      ]
    },
    {
      "type": "bitmap",
      "file": "custom/ui/particle_star.png",
      "ascent": 7,
      "chars": [
        "ὕ"
      ]
    },
    {
      "type": "bitmap",
      "file": "space:font/space_split.png",
      "ascent": -32768,
      "height": -6767,
      "chars": [
        "ퟻ"
      ]
    },
    {
      "type": "bitmap",
      "file": "space:font/space_nosplit.png",
      "ascent": -32768,
      "height": -1,
      "chars": [
        "ퟹ"
      ]
    },
    {
      "type": "bitmap",
      "file": "space:font/space_nosplit.png",
      "ascent": -32768,
      "height": 2,
      "chars": [
        "ퟸ"
      ]
    },
    {
      "type": "bitmap",
      "file": "space:font/space_nosplit.png",
      "ascent": -32768,
      "height": 7,
      "chars": [
        "ퟷ"
      ]
    },
    {
      "type": "bitmap",
      "file": "space:font/space_nosplit.png",
      "ascent": -32768,
      "height": 30,
      "chars": [
        "豈"
      ]
    },
    {
      "type": "bitmap",
      "file": "space:font/space_nosplit.png",
      "ascent": -32768,
      "height": 54,
      "chars": [
        "更"
      ]
    },
    {
      "type": "bitmap",
      "file": "space:font/space_nosplit.png",
      "ascent": -32768,
      "height": 143,
      "chars": [
        "車"
      ]
    },
    {
      "type": "bitmap",
      "file": "space:font/space_nosplit.png",
      "ascent": -32768,
      "height": 376,
      "chars": [
        "賈"
      ]
    },
    {
      "type": "bitmap",
      "file": "space:font/space_nosplit.png",
      "ascent": -32768,
      "height": 987,
      "chars": [
        "滑"
      ]
    },
    {
      "type": "bitmap",
      "file": "space:font/space_nosplit.png",
      "ascent": -32768,
      "height": 2583,
      "chars": [
        "ퟺ"
      ]
    },
    {
      "type": "bitmap",
      "file": "space:font/space_nosplit.png",
      "ascent": -32768,
      "height": -2,
      "chars": [
        ""
      ]
    },
    {
      "type": "bitmap",
      "file": "space:font/space_nosplit.png",
      "ascent": -32768,
      "height": -1,
      "chars": [
        "ퟹ"
      ]
    },
    {
      "type": "bitmap",
      "file": "space:font/space_nosplit.png",
      "ascent": -32768,
      "height": 2,
      "chars": [
        "ퟸ"
      ]
    },
    {
      "type": "bitmap",
      "file": "space:font/space_nosplit.png",
      "ascent": -32768,
      "height": 7,
      "chars": [
        "ퟷ"
      ]
    },
    {
      "type": "bitmap",
      "file": "space:font/space_nosplit.png",
      "ascent": -32768,
      "height": 20,
      "chars": [
        "豈"
      ]
    },
    {
      "type": "bitmap",
      "file": "space:font/space_nosplit.png",
      "ascent": -32768,
      "height": 54,
      "chars": [
        "更"
      ]
    },
    {
      "type": "bitmap",
      "file": "space:font/space_nosplit.png",
      "ascent": -32768,
      "height": 143,
      "chars": [
        "車"
      ]
    },
    {
      "type": "bitmap",
      "file": "space:font/space_nosplit.png",
      "ascent": -32768,
      "height": 376,
      "chars": [
        "賈"
      ]
    },
    {
      "type": "bitmap",
      "file": "space:font/space_nosplit.png",
      "ascent": -32768,
      "height": 987,
      "chars": [
        "滑"
      ]
    },
    {
      "type": "bitmap",
      "file": "space:font/space_nosplit.png",
      "ascent": -32768,
      "height": 2583,
      "chars": [
        "ퟺ"
      ]
    },
    {
      "type": "bitmap",
      "file": "space:font/space_nosplit.png",
      "ascent": -32768,
      "height": -2,
      "chars": [
        ""
      ]
    },
    {
      "type": "bitmap",
      "file": "space:font/space_split.png",
      "ascent": -32768,
      "height": -3,
      "chars": [
        ""
      ]
    },
    {
      "type": "bitmap",
      "file": "space:font/space_split.png",
      "ascent": -32768,
      "height": -4,
      "chars": [
        ""
      ]
    },
    {
      "type": "bitmap",
      "file": "space:font/space_split.png",
      "ascent": -32768,
      "height": -5,
      "chars": [
        ""
      ]
    },
    {
      "type": "bitmap",
      "file": "space:font/space_split.png",
      "ascent": -32768,
      "height": -6,
      "chars": [
        ""
      ]
    },
    {
      "type": "bitmap",
      "file": "space:font/space_split.png",
      "ascent": -32768,
      "height": -7,
      "chars": [
        ""
      ]
    },
    {
      "type": "bitmap",
      "file": "space:font/space_split.png",
      "ascent": -32768,
      "height": -8,
      "chars": [
        ""
      ]
    },
    {
      "type": "bitmap",
      "file": "space:font/space_split.png",
      "ascent": -32768,
      "height": -9,
      "chars": [
        ""
      ]
    },
    {
      "type": "bitmap",
      "file": "space:font/space_split.png",
      "ascent": -32768,
      "height": -10,
      "chars": [
        ""
      ]
    },
    {
      "type": "bitmap",
      "file": "space:font/space_split.png",
      "ascent": -32768,
      "height": -19,
      "chars": [
        ""
      ]
    },
    {
      "type": "bitmap",
      "file": "space:font/space_split.png",
      "ascent": -32768,
      "height": -34,
      "chars": [
        ""
      ]
    },
    {
      "type": "bitmap",
      "file": "space:font/space_split.png",
      "ascent": -32768,
      "height": -66,
      "chars": [
        ""
      ]
    },
    {
      "type": "bitmap",
      "file": "space:font/space_split.png",
      "ascent": -32768,
      "height": -130,
      "chars": [
        ""
      ]
    },
    {
      "type": "bitmap",
      "file": "space:font/space_split.png",
      "ascent": -32768,
      "height": -258,
      "chars": [
        ""
      ]
    },
    {
      "type": "bitmap",
      "file": "space:font/space_split.png",
      "ascent": -32768,
      "height": -514,
      "chars": [
        ""
      ]
    },
    {
      "type": "bitmap",
      "file": "space:font/space_split.png",
      "ascent": -32768,
      "height": -1026,
      "chars": [
        ""
      ]
    },
    {
      "type": "bitmap",
      "file": "space:font/space_split.png",
      "ascent": -65536,
      "height": -32770,
      "chars": [
        ""
      ]
    },
    {
      "type": "bitmap",
      "file": "space:font/space_split.png",
      "ascent": -32768,
      "height": 0,
      "chars": [
        ""
      ]
    },
    {
      "type": "bitmap",
      "file": "space:font/space_split.png",
      "ascent": -32768,
      "height": 1,
      "chars": [
        ""
      ]
    },
    {
      "type": "bitmap",
      "file": "space:font/space_split.png",
      "ascent": -32768,
      "height": 2,
      "chars": [
        ""
      ]
    },
    {
      "type": "bitmap",
      "file": "space:font/space_split.png",
      "ascent": -32768,
      "height": 3,
      "chars": [
        ""
      ]
    },
    {
      "type": "bitmap",
      "file": "space:font/space_split.png",
      "ascent": -32768,
      "height": 4,
      "chars": [
        ""
      ]
    },
    {
      "type": "bitmap",
      "file": "space:font/space_split.png",
      "ascent": -32768,
      "height": 5,
      "chars": [
        ""
      ]
    },
    {
      "type": "bitmap",
      "file": "space:font/space_split.png",
      "ascent": -32768,
      "height": 6,
      "chars": [
        ""
      ]
    },
    {
      "type": "bitmap",
      "file": "space:font/space_split.png",
      "ascent": -32768,
      "height": 7,
      "chars": [
        ""
      ]
    },
    {
      "type": "bitmap",
      "file": "space:font/space_split.png",
      "ascent": -32768,
      "height": 15,
      "chars": [
        ""
      ]
    },
    {
      "type": "bitmap",
      "file": "space:font/space_split.png",
      "ascent": -32768,
      "height": 31,
      "chars": [
        ""
      ]
    },
    {
      "type": "bitmap",
      "file": "space:font/space_split.png",
      "ascent": -32768,
      "height": 63,
      "chars": [
        ""
      ]
    },
    {
      "type": "bitmap",
      "file": "space:font/space_split.png",
      "ascent": -32768,
      "height": 127,
      "chars": [
        ""
      ]
    },
    {
      "type": "bitmap",
      "file": "space:font/space_split.png",
      "ascent": -32768,
      "height": 255,
      "chars": [
        ""
      ]
    },
    {
      "type": "bitmap",
      "file": "space:font/space_split.png",
      "ascent": -32768,
      "height": 511,
      "chars": [
        ""
      ]
    },
    {
      "type": "bitmap",
      "file": "space:font/space_split.png",
      "ascent": -32768,
      "height": 1023,
      "chars": [
        ""
      ]
    },
    {
      "type": "bitmap",
      "file": "space:font/space_split.png",
      "ascent": -65536,
      "height": 32767,
      "chars": [
        ""
      ]
    },
    {
      "type": "bitmap",
      "file": "space:font/space_nosplit.png",
      "ascent": -32768,
      "height": -3,
      "chars": [
        ""
      ]
    },
    {
      "type": "bitmap",
      "file": "space:font/space_nosplit.png",
      "ascent": -32768,
      "height": -4,
      "chars": [
        ""
      ]
    },
    {
      "type": "bitmap",
      "file": "space:font/space_nosplit.png",
      "ascent": -32768,
      "height": -5,
      "chars": [
        ""
      ]
    },
    {
      "type": "bitmap",
      "file": "space:font/space_nosplit.png",
      "ascent": -32768,
      "height": -6,
      "chars": [
        ""
      ]
    },
    {
      "type": "bitmap",
      "file": "space:font/space_nosplit.png",
      "ascent": -32768,
      "height": -7,
      "chars": [
        ""
      ]
    },
    {
      "type": "bitmap",
      "file": "space:font/space_nosplit.png",
      "ascent": -32768,
      "height": -8,
      "chars": [
        ""
      ]
    },
    {
      "type": "bitmap",
      "file": "space:font/space_nosplit.png",
      "ascent": -32768,
      "height": -9,
      "chars": [
        ""
      ]
    },
    {
      "type": "bitmap",
      "file": "space:font/space_nosplit.png",
      "ascent": -32768,
      "height": -10,
      "chars": [
        ""
      ]
    },
    {
      "type": "bitmap",
      "file": "space:font/space_nosplit.png",
      "ascent": -32768,
      "height": -18,
      "chars": [
        ""
      ]
    },
    {
      "type": "bitmap",
      "file": "space:font/space_nosplit.png",
      "ascent": -32768,
      "height": -34,
      "chars": [
        ""
      ]
    },
    {
      "type": "bitmap",
      "file": "space:font/space_nosplit.png",
      "ascent": -32768,
      "height": -66,
      "chars": [
        ""
      ]
    },
    {
      "type": "bitmap",
      "file": "space:font/space_nosplit.png",
      "ascent": -32768,
      "height": -130,
      "chars": [
        ""
      ]
    },
    {
      "type": "bitmap",
      "file": "space:font/space_nosplit.png",
      "ascent": -32768,
      "height": -258,
      "chars": [
        ""
      ]
    },
    {
      "type": "bitmap",
      "file": "space:font/space_nosplit.png",
      "ascent": -32768,
      "height": -514,
      "chars": [
        ""
      ]
    },
    {
      "type": "bitmap",
      "file": "space:font/space_nosplit.png",
      "ascent": -32768,
      "height": -1026,
      "chars": [
        ""
      ]
    },
    {
      "type": "bitmap",
      "file": "space:font/space_nosplit.png",
      "ascent": -65536,
      "height": -32770,
      "chars": [
        ""
      ]
    },
    {
      "type": "bitmap",
      "file": "space:font/space_nosplit.png",
      "ascent": -32768,
      "height": 0,
      "chars": [
        ""
      ]
    },
    {
      "type": "bitmap",
      "file": "space:font/space_nosplit.png",
      "ascent": -32768,
      "height": 1,
      "chars": [
        ""
      ]
    },
    {
      "type": "bitmap",
      "file": "space:font/space_nosplit.png",
      "ascent": -32768,
      "height": 2,
      "chars": [
        ""
      ]
    },
    {
      "type": "bitmap",
      "file": "space:font/space_nosplit.png",
      "ascent": -32768,
      "height": 3,
      "chars": [
        ""
      ]
    },
    {
      "type": "bitmap",
      "file": "space:font/space_nosplit.png",
      "ascent": -32768,
      "height": 4,
      "chars": [
        ""
      ]
    },
    {
      "type": "bitmap",
      "file": "space:font/space_nosplit.png",
      "ascent": -32768,
      "height": 5,
      "chars": [
        ""
      ]
    },
    {
      "type": "bitmap",
      "file": "space:font/space_nosplit.png",
      "ascent": -32768,
      "height": 6,
      "chars": [
        ""
      ]
    },
    {
      "type": "bitmap",
      "file": "space:font/space_nosplit.png",
      "ascent": -32768,
      "height": 7,
      "chars": [
        ""
      ]
    },
    {
      "type": "bitmap",
      "file": "space:font/space_nosplit.png",
      "ascent": -32768,
      "height": 15,
      "chars": [
        ""
      ]
    },
    {
      "type": "bitmap",
      "file": "space:font/space_nosplit.png",
      "ascent": -32768,
      "height": 31,
      "chars": [
        ""
      ]
    },
    {
      "type": "bitmap",
      "file": "space:font/space_nosplit.png",
      "ascent": -32768,
      "height": 63,
      "chars": [
        ""
      ]
    },
    {
      "type": "bitmap",
      "file": "space:font/space_nosplit.png",
      "ascent": -32768,
      "height": 127,
      "chars": [
        ""
      ]
    },
    {
      "type": "bitmap",
      "file": "space:font/space_nosplit.png",
      "ascent": -32768,
      "height": 255,
      "chars": [
        ""
      ]
    },
    {
      "type": "bitmap",
      "file": "space:font/space_nosplit.png",
      "ascent": -32768,
      "height": 511,
      "chars": [
        ""
      ]
    },
    {
      "type": "bitmap",
      "file": "space:font/space_nosplit.png",
      "ascent": -32768,
      "height": 1023,
      "chars": [
        ""
      ]
    }
  ]
}