{
	"credit": "Made by betaklerik with Blockbench",
	"texture_size": [80, 48],
	"textures": {
		"texture": "item/diamond/nightstands/acacia_nightstand"
	},
	"elements": [
		{
			"name": "top",
			"from": [-1, 14, -1],
			"to": [17, 16, 17],
			"rotation": {"angle": 0, "axis": "y", "origin": [0, 0, 16]},
			"faces": {
				"north": {"uv": [7.2, 6, 3.6, 6.66667], "texture": "#texture"},
				"east": {"uv": [10.8, 6, 7.2, 6.66667], "texture": "#texture"},
				"south": {"uv": [14.4, 6, 10.8, 6.66667], "texture": "#texture"},
				"west": {"uv": [3.6, 6, 0, 6.66667], "texture": "#texture"},
				"up": {"uv": [3.6, 6, 7.2, 0], "texture": "#texture"},
				"down": {"uv": [3.6, 6, 7.2, 0], "texture": "#texture"}
			}
		},
		{
			"name": "body",
			"from": [0, 2, 0],
			"to": [16, 14, 16],
			"rotation": {"angle": 0, "axis": "y", "origin": [0, 0, 16]},
			"faces": {
				"north": {"uv": [6.6, 7, 3.4, 11], "texture": "#texture"},
				"east": {"uv": [9.8, 7, 6.6, 11], "texture": "#texture"},
				"south": {"uv": [13, 7, 9.8, 11], "texture": "#texture"},
				"west": {"uv": [3.4, 7, 0.2, 11], "texture": "#texture"},
				"up": {"uv": [0, 0, 0, 0], "texture": "#texture"},
				"down": {"uv": [0, 0, 0, 0], "texture": "#texture"}
			}
		},
		{
			"name": "bottom",
			"from": [-1, 0, -1],
			"to": [17, 2, 17],
			"rotation": {"angle": 0, "axis": "y", "origin": [0, 0, 16]},
			"faces": {
				"north": {"uv": [7.2, 6, 3.6, 6.66667], "texture": "#texture"},
				"east": {"uv": [10.8, 6, 7.2, 6.66667], "texture": "#texture"},
				"south": {"uv": [14.4, 6, 10.8, 6.66667], "texture": "#texture"},
				"west": {"uv": [3.6, 6, 0, 6.66667], "texture": "#texture"},
				"up": {"uv": [3.6, 6, 7.2, 0], "texture": "#texture"},
				"down": {"uv": [3.6, 6, 7.2, 0], "texture": "#texture"}
			}
		},
		{
			"name": "drawers",
			"from": [1, 2, -1],
			"to": [15, 14, 0],
			"rotation": {"angle": 0, "axis": "y", "origin": [0, 0, 16]},
			"faces": {
				"north": {"uv": [6.4, 7, 3.6, 11], "texture": "#texture"},
				"east": {"uv": [6.4, 7, 6.2, 11], "texture": "#texture"},
				"south": {"uv": [0, 0, 0, 0], "texture": "#texture"},
				"west": {"uv": [3.8, 7, 3.6, 11], "texture": "#texture"},
				"up": {"uv": [0, 0, 0, 0], "texture": "#texture"},
				"down": {"uv": [0, 0, 0, 0], "texture": "#texture"}
			}
		}
	],
	"display": {
		"thirdperson_righthand": {
			"rotation": [25, -45, 0],
			"translation": [-1.5, 0, -1.5],
			"scale": [0.5, 0.5, 0.5]
		},
		"thirdperson_lefthand": {
			"rotation": [25, -45, 0],
			"translation": [-1.5, 0, -1.5],
			"scale": [0.5, 0.5, 0.5]
		},
		"firstperson_righthand": {
			"rotation": [0, -45, 0],
			"translation": [0, 2, 0],
			"scale": [0.75, 0.75, 0.75]
		},
		"firstperson_lefthand": {
			"rotation": [0, -45, 0],
			"translation": [0, 2, 0],
			"scale": [0.75, 0.75, 0.75]
		},
		"ground": {
			"translation": [0, 2, 0],
			"scale": [0.5, 0.5, 0.5]
		},
		"gui": {
			"rotation": [30, -45, 0],
			"scale": [0.6, 0.6, 0.6]
		},
		"head": {
			"rotation": [0, 180, 0]
		},
		"fixed": {
			"rotation": [0, 180, 0],
			"translation": [0, 0, 16],
			"scale": [2.01, 2.01, 2.01]
		}
	}
}