{
  "credit" : "Made by betaklerik with Blockbench",
  "texture_size" : [ 64, 32 ],
  "textures" : {
    "texture" : "minecraft:item/diamond/computers/desktops/black_computer"
  },
  "elements" : [ {
    "name" : "computer",
    "from" : [ 2, 0, 0 ],
    "to" : [ 14, 16, 16 ],
    "faces" : {
      "north" : {
        "uv" : [ 11, 8, 14, 16 ],
        "texture" : "#texture"
      },
      "east" : {
        "uv" : [ 7, 8, 11, 16 ],
        "texture" : "#texture"
      },
      "south" : {
        "uv" : [ 4, 8, 7, 16 ],
        "texture" : "#texture"
      },
      "west" : {
        "uv" : [ 0, 8, 4, 16 ],
        "texture" : "#texture"
      },
      "up" : {
        "uv" : [ 4, 0, 7, 8 ],
        "texture" : "#texture"
      },
      "down" : {
        "uv" : [ 7, 0, 10, 8 ],
        "texture" : "#texture"
      }
    }
  } ],
  "display" : {
    "thirdperson_righthand" : {
      "rotation" : [ 35, -45, 0 ],
      "scale" : [ 0.5, 0.5, 0.5 ]
    },
    "thirdperson_lefthand" : {
      "rotation" : [ 35, -45, 0 ],
      "scale" : [ 0.5, 0.5, 0.5 ]
    },
    "firstperson_righthand" : {
      "rotation" : [ 0, -90, 0 ],
      "scale" : [ 0.75, 0.75, 0.75 ]
    },
    "firstperson_lefthand" : {
      "rotation" : [ 0, -90, 0 ],
      "scale" : [ 0.75, 0.75, 0.75 ]
    },
    "ground" : {
      "translation" : [ 0, 2, 0 ],
      "scale" : [ 0.5, 0.5, 0.5 ]
    },
    "gui" : {
      "rotation" : [ 30, -45, 0 ],
      "scale" : [ 0.625, 0.625, 0.625 ]
    },
    "fixed" : {
      "rotation" : [ -90, 180, 0 ],
      "translation" : [ 0, 0, -15.98 ],
      "scale" : [ 2, 2, 2 ]
    }
  }
}