{
	"credit": "Made with Blockbench",
	"texture_size": [128, 128],
	"textures": {
		"0": "item/paper/npcs/guidenpc/guageanimation",
		"1": "item/paper/npcs/guidenpc/guidebody",
		"particle": "item/paper/npcs/guidenpc/guageanimation"
	},
	"elements": [
		{
			"from": [1, 0, 4],
			"to": [15, 14, 11],
			"rotation": {"angle": 0, "axis": "y", "origin": [1, 0, 4]},
			"faces": {
				"north": {"uv": [0, 0.5, 1.75, 2.25], "texture": "#1"},
				"east": {"uv": [0, 3.875, 0.875, 5.625], "texture": "#1"},
				"south": {"uv": [1.75, 0.5, 3.5, 2.25], "texture": "#1"},
				"west": {"uv": [0.875, 3.875, 1.75, 5.625], "texture": "#1"},
				"up": {"uv": [5.75, 2.625, 4, 1.75], "texture": "#1"},
				"down": {"uv": [3.5, 4.25, 1.75, 5.125], "texture": "#1"}
			}
		},
		{
			"from": [1, 14, 4],
			"to": [15, 17, 11],
			"rotation": {"angle": 0, "axis": "y", "origin": [1, 14, 4]},
			"faces": {
				"north": {"uv": [1.125, 9.25, 2.875, 9.625], "texture": "#1"},
				"east": {"uv": [5.125, 11.875, 6, 12.25], "texture": "#1"},
				"south": {"uv": [1.75, 1.875, 3.5, 2.25], "texture": "#1"},
				"west": {"uv": [4.375, 11.875, 5.25, 12.25], "texture": "#1"},
				"up": {"uv": [6, 11.625, 4.25, 10.75], "texture": "#1"},
				"down": {"uv": [3.5, 4.25, 1.75, 5.125], "texture": "#1"}
			}
		},
		{
			"from": [0.3, 0, 2.8],
			"to": [5.3, 5, 5.8],
			"rotation": {"angle": 22.5, "axis": "y", "origin": [2.3, 2, 4.3]},
			"faces": {
				"north": {"uv": [0, 0, 4, 4], "texture": "#0"},
				"east": {"uv": [1, 5, 3, 9], "texture": "#0"},
				"south": {"uv": [12, 2, 14, 6], "texture": "#0"},
				"west": {"uv": [3, 5, 5, 9], "texture": "#0"},
				"up": {"uv": [10, 8, 6, 6], "texture": "#0"},
				"down": {"uv": [8, 8, 13, 11], "texture": "#0"}
			}
		},
		{
			"from": [0, -2, 3],
			"to": [16, 0, 12],
			"rotation": {"angle": 0, "axis": "y", "origin": [0, -2, 3]},
			"faces": {
				"north": {"uv": [6, 0.875, 8, 1.125], "texture": "#1"},
				"east": {"uv": [6.625, 0.625, 7.75, 0.875], "texture": "#1"},
				"south": {"uv": [2.125, 6.25, 4.125, 6.5], "texture": "#1"},
				"west": {"uv": [7, 2.375, 8.125, 2.625], "texture": "#1"},
				"up": {"uv": [2, 3.375, 0, 2.25], "texture": "#1"},
				"down": {"uv": [4, 2.25, 2, 3.375], "texture": "#1"}
			}
		},
		{
			"from": [2, -9, 5],
			"to": [7, -2, 10],
			"rotation": {"angle": 0, "axis": "y", "origin": [2, -9, 5]},
			"faces": {
				"north": {"uv": [5.75, 1.25, 6.375, 2.125], "texture": "#1"},
				"east": {"uv": [5.75, 2.125, 6.375, 3], "texture": "#1"},
				"south": {"uv": [5.75, 3, 6.375, 3.875], "texture": "#1"},
				"west": {"uv": [5.75, 3.875, 6.375, 4.75], "texture": "#1"},
				"up": {"uv": [7.5, 5.25, 6.875, 4.625], "texture": "#1"},
				"down": {"uv": [7.5, 5.25, 6.875, 5.875], "texture": "#1"}
			}
		},
		{
			"from": [9, -15, 3],
			"to": [14, -13, 12],
			"rotation": {"angle": 0, "axis": "y", "origin": [9, -15, 3]},
			"faces": {
				"north": {"uv": [5.125, 7.375, 5.75, 7.625], "texture": "#1"},
				"east": {"uv": [7.125, 2.625, 8.25, 2.875], "texture": "#1"},
				"south": {"uv": [7.375, 7.125, 8, 7.375], "texture": "#1"},
				"west": {"uv": [7.125, 2.875, 8.25, 3.125], "texture": "#1"},
				"up": {"uv": [2.375, 6.25, 1.75, 5.125], "texture": "#1"},
				"down": {"uv": [3, 5.125, 2.375, 6.25], "texture": "#1"}
			}
		},
		{
			"from": [2, -15, 3],
			"to": [7, -13, 12],
			"rotation": {"angle": 0, "axis": "y", "origin": [2, -15, 3]},
			"faces": {
				"north": {"uv": [7.375, 7.375, 8, 7.625], "texture": "#1"},
				"east": {"uv": [7.125, 3.125, 8.25, 3.375], "texture": "#1"},
				"south": {"uv": [0, 7.5, 0.625, 7.75], "texture": "#1"},
				"west": {"uv": [7.125, 3.375, 8.25, 3.625], "texture": "#1"},
				"up": {"uv": [3.625, 6.25, 3, 5.125], "texture": "#1"},
				"down": {"uv": [4.25, 5.125, 3.625, 6.25], "texture": "#1"}
			}
		},
		{
			"from": [2.5, -14, 6.5],
			"to": [6.5, -7, 10.5],
			"rotation": {"angle": -22.5, "axis": "x", "origin": [4.5, -10.5, 8.5]},
			"faces": {
				"north": {"uv": [6.375, 4.625, 6.875, 5.5], "texture": "#1"},
				"east": {"uv": [4.75, 6.375, 5.25, 7.25], "texture": "#1"},
				"south": {"uv": [6.375, 5.5, 6.875, 6.375], "texture": "#1"},
				"west": {"uv": [6.375, 6.375, 6.875, 7.25], "texture": "#1"},
				"up": {"uv": [7.375, 7.625, 6.875, 7.125], "texture": "#1"},
				"down": {"uv": [7.75, 0, 7.25, 0.5], "texture": "#1"}
			}
		},
		{
			"from": [9.5, -14, 6.5],
			"to": [13.5, -7, 10.5],
			"rotation": {"angle": -22.5, "axis": "x", "origin": [11.5, -10.5, 8.5]},
			"faces": {
				"north": {"uv": [6.875, 4.625, 6.375, 5.5], "texture": "#1"},
				"east": {"uv": [6.875, 6.375, 6.375, 7.25], "texture": "#1"},
				"south": {"uv": [6.875, 5.5, 6.375, 6.375], "texture": "#1"},
				"west": {"uv": [5.25, 6.375, 4.75, 7.25], "texture": "#1"},
				"up": {"uv": [6.875, 7.625, 7.375, 7.125], "texture": "#1"},
				"down": {"uv": [7.25, 0, 7.75, 0.5], "texture": "#1"}
			}
		},
		{
			"from": [9, -9, 5],
			"to": [14, -2, 10],
			"rotation": {"angle": 0, "axis": "y", "origin": [14, -9, 5]},
			"faces": {
				"north": {"uv": [6.375, 1.25, 5.75, 2.125], "texture": "#1"},
				"east": {"uv": [6.375, 3.875, 5.75, 4.75], "texture": "#1"},
				"south": {"uv": [6.375, 3, 5.75, 3.875], "texture": "#1"},
				"west": {"uv": [6.375, 2.125, 5.75, 3], "texture": "#1"},
				"up": {"uv": [6.875, 5.25, 7.5, 4.625], "texture": "#1"},
				"down": {"uv": [6.875, 5.25, 7.5, 5.875], "texture": "#1"}
			}
		},
		{
			"from": [17, 9, 6.1],
			"to": [21, 19, 10.1],
			"rotation": {"angle": 22.5, "axis": "z", "origin": [19.25, 8.5, 8.1]},
			"faces": {
				"north": {"uv": [4.25, 5.125, 4.75, 6.375], "texture": "#1"},
				"east": {"uv": [4.75, 5.125, 5.25, 6.375], "texture": "#1"},
				"south": {"uv": [5.25, 4.25, 5.75, 5.5], "texture": "#1"},
				"west": {"uv": [5.5, 0, 6, 1.25], "texture": "#1"},
				"up": {"uv": [4, 2.25, 3.5, 1.75], "texture": "#1"},
				"down": {"uv": [1.75, 7.125, 1.25, 7.625], "texture": "#1"}
			}
		},
		{
			"from": [17, 4, 5.1],
			"to": [22, 9, 11.1],
			"rotation": {"angle": 22.5, "axis": "z", "origin": [19.25, 8.5, 8.1]},
			"faces": {
				"north": {"uv": [5.75, 6.5, 6.375, 7.125], "texture": "#1"},
				"east": {"uv": [4, 2.625, 4.75, 3.25], "texture": "#1"},
				"south": {"uv": [6.625, 0, 7.25, 0.625], "texture": "#1"},
				"west": {"uv": [4.75, 2.625, 5.5, 3.25], "texture": "#1"},
				"up": {"uv": [7, 1.875, 6.375, 1.125], "texture": "#1"},
				"down": {"uv": [7, 1.875, 6.375, 2.625], "texture": "#1"}
			}
		},
		{
			"from": [17, 2, 5.6],
			"to": [21, 4, 10.6],
			"rotation": {"angle": 22.5, "axis": "z", "origin": [19.25, 8.5, 8.1]},
			"faces": {
				"north": {"uv": [3.625, 7.375, 4.125, 7.625], "texture": "#1"},
				"east": {"uv": [7.125, 3.625, 7.75, 3.875], "texture": "#1"},
				"south": {"uv": [0.625, 7.5, 1.125, 7.75], "texture": "#1"},
				"west": {"uv": [1.75, 7.375, 2.375, 7.625], "texture": "#1"},
				"up": {"uv": [5.75, 7.375, 5.25, 6.75], "texture": "#1"},
				"down": {"uv": [7.5, 1.125, 7, 1.75], "texture": "#1"}
			}
		},
		{
			"from": [-5, 9, 6.1],
			"to": [-1, 19, 10.1],
			"rotation": {"angle": -22.5, "axis": "z", "origin": [-3.25, 8.5, 8.1]},
			"faces": {
				"north": {"uv": [4.75, 5.125, 4.25, 6.375], "texture": "#1"},
				"east": {"uv": [6, 0, 5.5, 1.25], "texture": "#1"},
				"south": {"uv": [5.75, 4.25, 5.25, 5.5], "texture": "#1"},
				"west": {"uv": [5.25, 5.125, 4.75, 6.375], "texture": "#1"},
				"up": {"uv": [3.5, 2.25, 4, 1.75], "texture": "#1"},
				"down": {"uv": [1.25, 7.125, 1.75, 7.625], "texture": "#1"}
			}
		},
		{
			"from": [-6, 4, 5.1],
			"to": [-1, 9, 11.1],
			"rotation": {"angle": -22.5, "axis": "z", "origin": [-3.25, 8.5, 8.1]},
			"faces": {
				"north": {"uv": [6.375, 6.5, 5.75, 7.125], "texture": "#1"},
				"east": {"uv": [5.5, 2.625, 4.75, 3.25], "texture": "#1"},
				"south": {"uv": [7.25, 0, 6.625, 0.625], "texture": "#1"},
				"west": {"uv": [4.75, 2.625, 4, 3.25], "texture": "#1"},
				"up": {"uv": [6.375, 1.875, 7, 1.125], "texture": "#1"},
				"down": {"uv": [6.375, 1.875, 7, 2.625], "texture": "#1"}
			}
		},
		{
			"from": [-5, 2, 5.6],
			"to": [-1, 4, 10.6],
			"rotation": {"angle": -22.5, "axis": "z", "origin": [-3.25, 8.5, 8.1]},
			"faces": {
				"north": {"uv": [4.125, 7.375, 3.625, 7.625], "texture": "#1"},
				"east": {"uv": [2.375, 7.375, 1.75, 7.625], "texture": "#1"},
				"south": {"uv": [1.125, 7.5, 0.625, 7.75], "texture": "#1"},
				"west": {"uv": [7.75, 3.625, 7.125, 3.875], "texture": "#1"},
				"up": {"uv": [5.25, 7.375, 5.75, 6.75], "texture": "#1"},
				"down": {"uv": [7, 1.125, 7.5, 1.75], "texture": "#1"}
			}
		},
		{
			"from": [0, 10, 4],
			"to": [16, 17, 8],
			"rotation": {"angle": 22.5, "axis": "x", "origin": [8, 13.5, 7.5]},
			"faces": {
				"north": {"uv": [1.75, 3.375, 3.75, 4.25], "texture": "#1"},
				"east": {"uv": [3.5, 4.25, 4.375, 5.125], "texture": "#1"},
				"south": {"uv": [3.5, 0, 5.5, 0.875], "texture": "#1"},
				"west": {"uv": [4.375, 4.25, 5.25, 5.125], "texture": "#1"},
				"up": {"uv": [5.5, 1.75, 3.5, 0.875], "texture": "#1"},
				"down": {"uv": [5.75, 3.375, 3.75, 4.25], "texture": "#1"}
			}
		}
	],
	"display": {}
}