{
  "parent" : "minecraft:item/generated",
  "textures" : {
    "layer0" : "item/paper"
  },
  "overrides" : [ {
    "predicate" : {
      "custom_model_data" : 1
    },
    "model" : "minecraft:item/paper/npcs/guidenpc/guidehead"
  }, {
    "predicate" : {
      "custom_model_data" : 2
    },
    "model" : "minecraft:item/paper/npcs/guidenpc/guidebody"
  }, {
    "predicate" : {
      "custom_model_data" : 3
    },
    "model" : "minecraft:item/paper/npcs/guidenpc/blueprints"
  }]
}